State,EV_Registrations,Total_Registrations,EV_Share_Pct,Year
ANDAMAN & NICOBAR ISLAND,3,18236,0.02,2019
ANDHRA PRADESH,3532,2294304,0.15,2019
ARUNACHAL PRADESH,46,70196,0.07,2019
ASSAM,12810,1032042,1.24,2019
BIHAR,13863,2534844,0.55,2019
CHANDIGARH,1314,92256,1.42,2019
CHHATTISGARH,5573,1337132,0.42,2019
DELHI,32536,1272944,2.56,2019
GOA,1618,148330,1.09,2019
GUJARAT,11275,3257848,0.35,2019
HARYANA,10819,1697914,0.64,2019
HIMACHAL PRADESH,982,277746,0.35,2019
JAMMU AND KASHMIR,610,289592,0.21,2019
JHARKHAND,3927,1118998,0.35,2019
KARNATAKA,16519,3160820,0.52,2019
KERALA,8283,1832480,0.45,2019
LADAKH,8,4172,0.19,2019
LAKSHADWEEP,1,3150,0.03,2019
MADHYA PRADESH,7969,3068858,0.26,2019
MAHARASHTRA,26696,4614046,0.58,2019
MANIPUR,400,75724,0.53,2019
MEGHALAYA,141,66774,0.21,2019
MIZORAM,32,61664,0.05,2019
NAGALAND,112,58318,0.19,2019
ODISHA,3502,1651576,0.21,2019
PUDUCHERRY,524,116804,0.45,2019
PUNJAB,3747,1523602,0.25,2019
RAJASTHAN,11719,2961992,0.4,2019
SIKKIM,11,20678,0.05,2019
TAMIL NADU,13829,3941882,0.35,2019
TRIPURA,1545,112708,1.37,2019
UT OF DNH AND DD,250,36492,0.69,2019
UTTAR PRADESH,65627,6723990,0.98,2019
UTTARAKHAND,6790,491822,1.38,2019
WEST BENGAL,16721,2353192,0.71,2019
ANDAMAN & NICOBAR ISLAND,56,12438,0.45,2020
ANDHRA PRADESH,5535,1976128,0.28,2020
ARUNACHAL PRADESH,57,42012,0.14,2020
ASSAM,10188,813250,1.25,2020
BIHAR,14171,2074088,0.68,2020
CHANDIGARH,900,61324,1.47,2020
CHHATTISGARH,4303,963670,0.45,2020
DELHI,17687,845336,2.09,2020
GOA,822,84840,0.97,2020
GUJARAT,8205,2249398,0.36,2020
HARYANA,6045,1210094,0.5,2020
HIMACHAL PRADESH,917,267662,0.34,2020
JAMMU AND KASHMIR,554,368884,0.15,2020
JHARKHAND,3711,966288,0.38,2020
KARNATAKA,19176,2412556,0.79,2020
KERALA,8019,1282800,0.63,2020
LADAKH,13,4914,0.26,2020
LAKSHADWEEP,7,2118,0.33,2020
MADHYA PRADESH,6841,2524732,0.27,2020
MAHARASHTRA,19468,3550056,0.55,2020
MANIPUR,198,32480,0.61,2020
MEGHALAYA,119,46964,0.25,2020
MIZORAM,47,46660,0.1,2020
NAGALAND,108,32880,0.33,2020
ODISHA,3461,1202514,0.29,2020
PUDUCHERRY,498,84358,0.59,2020
PUNJAB,2669,1031214,0.26,2020
RAJASTHAN,8923,2218582,0.4,2020
SIKKIM,12,14372,0.08,2020
TAMIL NADU,15502,2985848,0.52,2020
TRIPURA,3520,102176,3.45,2020
UT OF DNH AND DD,156,26302,0.59,2020
UTTAR PRADESH,39130,5252292,0.75,2020
UTTARAKHAND,3057,370664,0.82,2020
WEST BENGAL,13127,2110748,0.62,2020
ANDAMAN & NICOBAR ISLAND,106,11440,0.93,2021
ANDHRA PRADESH,15999,1897128,0.84,2021
ARUNACHAL PRADESH,102,47008,0.22,2021
ASSAM,17887,914296,1.96,2021
BIHAR,25923,2020180,1.28,2021
CHANDIGARH,1535,77202,1.99,2021
CHHATTISGARH,8073,911810,0.89,2021
DELHI,32108,916770,3.5,2021
GOA,1974,101868,1.94,2021
GUJARAT,18998,2513732,0.76,2021
HARYANA,13206,1262128,1.05,2021
HIMACHAL PRADESH,885,230036,0.38,2021
JAMMU AND KASHMIR,1672,314406,0.53,2021
JHARKHAND,6769,941396,0.72,2021
KARNATAKA,46863,2358458,1.99,2021
KERALA,17779,1532002,1.16,2021
LADAKH,31,7516,0.41,2021
LAKSHADWEEP,5,2382,0.21,2021
MADHYA PRADESH,14957,2301776,0.65,2021
MAHARASHTRA,47982,3846508,1.25,2021
MANIPUR,311,72160,0.43,2021
MEGHALAYA,129,51776,0.25,2021
MIZORAM,38,50220,0.08,2021
NAGALAND,100,43716,0.23,2021
ODISHA,9647,1073570,0.9,2021
PUDUCHERRY,987,90168,1.09,2021
PUNJAB,7064,1036304,0.68,2021
RAJASTHAN,27575,2128782,1.3,2021
SIKKIM,18,19996,0.09,2021
TAMIL NADU,44702,3030462,1.48,2021
TRIPURA,2551,92660,2.75,2021
UT OF DNH AND DD,237,32856,0.72,2021
UTTAR PRADESH,78983,5592032,1.41,2021
UTTARAKHAND,6313,392066,1.61,2021
WEST BENGAL,11359,1909954,0.59,2021
ANDAMAN & NICOBAR ISLAND,51,14110,0.36,2022
ANDHRA PRADESH,36454,1699588,2.14,2022
ARUNACHAL PRADESH,266,53470,0.5,2022
ASSAM,44674,1032100,4.33,2022
BIHAR,60051,2259674,2.66,2022
CHANDIGARH,4262,101722,4.19,2022
CHHATTISGARH,28002,1002160,2.79,2022
DELHI,75338,1216058,6.2,2022
GOA,7184,141640,5.07,2022
GUJARAT,82739,3138414,2.64,2022
HARYANA,36745,1480038,2.48,2022
HIMACHAL PRADESH,2450,238594,1.03,2022
JAMMU AND KASHMIR,6267,325750,1.92,2022
JHARKHAND,18056,983270,1.84,2022
KARNATAKA,114132,3064744,3.72,2022
KERALA,52042,1568294,3.32,2022
LADAKH,201,12070,1.67,2022
LAKSHADWEEP,2,1212,0.17,2022
MADHYA PRADESH,43687,2733714,1.6,2022
MAHARASHTRA,158239,4747628,3.33,2022
MANIPUR,670,110650,0.61,2022
MEGHALAYA,336,71256,0.47,2022
MIZORAM,123,54024,0.23,2022
NAGALAND,225,51930,0.43,2022
ODISHA,34825,1267582,2.75,2022
PUDUCHERRY,2140,100610,2.13,2022
PUNJAB,20916,1112428,1.88,2022
RAJASTHAN,86547,2577112,3.36,2022
SIKKIM,49,21116,0.23,2022
TAMIL NADU,83586,3401552,2.46,2022
TRIPURA,4344,105398,4.12,2022
UT OF DNH AND DD,505,37724,1.34,2022
UTTAR PRADESH,181001,6027556,3.0,2022
UTTARAKHAND,17875,462044,3.87,2022
WEST BENGAL,17520,1944398,0.9,2022
ANDAMAN & NICOBAR ISLAND,196,16150,1.21,2023
ANDHRA PRADESH,43884,1784702,2.46,2023
ARUNACHAL PRADESH,1050,61938,1.7,2023
ASSAM,68774,1306084,5.27,2023
BIHAR,94021,2577186,3.65,2023
CHANDIGARH,10228,106470,9.61,2023
CHHATTISGARH,46693,1129180,4.14,2023
DELHI,97768,1315694,7.43,2023
GOA,12296,162582,7.56,2023
GUJARAT,110912,3643264,3.04,2023
HARYANA,53450,1671812,3.2,2023
HIMACHAL PRADESH,5107,255640,2.0,2023
JAMMU AND KASHMIR,12818,343292,3.73,2023
JHARKHAND,27075,1090012,2.48,2023
KARNATAKA,185027,3493408,5.3,2023
KERALA,96675,1518586,6.37,2023
LADAKH,298,10326,2.89,2023
LAKSHADWEEP,9,1234,0.73,2023
MADHYA PRADESH,79749,2996904,2.66,2023
MAHARASHTRA,231332,5126896,4.51,2023
MANIPUR,917,53420,1.72,2023
MEGHALAYA,912,80710,1.13,2023
MIZORAM,390,57356,0.68,2023
NAGALAND,1044,54704,1.91,2023
ODISHA,53564,1479642,3.62,2023
PUDUCHERRY,3830,110588,3.46,2023
PUNJAB,39477,1282188,3.08,2023
RAJASTHAN,106975,3050330,3.51,2023
SIKKIM,152,22016,0.69,2023
TAMIL NADU,114733,3652272,3.14,2023
TRIPURA,6476,113378,5.71,2023
UT OF DNH AND DD,742,44628,1.66,2023
UTTAR PRADESH,307717,6889022,4.47,2023
UTTARAKHAND,21160,513832,4.12,2023
WEST BENGAL,29953,2004528,1.49,2023
ANDAMAN & NICOBAR ISLAND,341,16922,2.02,2024
ANDHRA PRADESH,65451,1823958,3.59,2024
ARUNACHAL PRADESH,1296,73626,1.76,2024
ASSAM,76781,1259062,6.1,2024
BIHAR,119428,2790432,4.28,2024
CHANDIGARH,9635,92804,10.38,2024
CHHATTISGARH,59591,1428044,4.17,2024
DELHI,103583,1422216,7.28,2024
GOA,14993,168628,8.89,2024
GUJARAT,97174,3798584,2.56,2024
HARYANA,68409,1992548,3.43,2024
HIMACHAL PRADESH,6766,295522,2.29,2024
JAMMU AND KASHMIR,17904,358850,4.99,2024
JHARKHAND,32704,1158372,2.82,2024
KARNATAKA,210482,3776446,5.57,2024
KERALA,110679,1558660,7.1,2024
LADAKH,428,10868,3.94,2024
LAKSHADWEEP,15,1150,1.3,2024
MADHYA PRADESH,112237,3335444,3.36,2024
MAHARASHTRA,279986,5775182,4.85,2024
MANIPUR,1151,56112,2.05,2024
MEGHALAYA,1614,84762,1.9,2024
MIZORAM,770,60002,1.28,2024
NAGALAND,972,55452,1.75,2024
ODISHA,75219,1621978,4.64,2024
PUDUCHERRY,6057,130970,4.62,2024
PUNJAB,60708,1411464,4.3,2024
RAJASTHAN,121735,3307390,3.68,2024
SIKKIM,173,23360,0.74,2024
TAMIL NADU,158796,3907050,4.06,2024
TRIPURA,9857,127332,7.74,2024
UT OF DNH AND DD,1116,48456,2.3,2024
UTTAR PRADESH,402426,7516360,5.35,2024
UTTARAKHAND,24927,563582,4.42,2024
WEST BENGAL,55359,2369884,2.34,2024
